C8G,TAF7L,NOS2,ZNF541,MAJIN,MMP13,ZFR2,SPIB,IL17REL,ASCL4,SHCBP1L,KEL,DSC1,PRR9,IGFL3,TCHHL1,SOX14,LCN1,LCE2A,DRGX,CASP14,CGB8,PNLIPRP3,ZPBP2,FRMD1,MYH6,ACTA1,MYBPH,SPINK6,GSTA1,LCE1A,GBX1,LCE6A,SPANXB1,FAM133A,MAGEB2,UGT2B28,MYH2,PPP1R3A,LCE2B,FEZF2,BRDT,NKX2-4,SAGE1,MAGEA12,CSH2,MAGEC1,SPANXD,FGF3,C1QL2,COX7B2,HBE1,OR51B4,GKN1,PGC
7.99884352347529,5.34297293433109,8.77943959834025,8.19696314551703,5.8486110848789,7.90524566947607,7.24977865742226,14.2145745615478,7.75631423258791,7.81698133217277,6.82302671376611,7.87135707781138,5.14919470694798,4.57472544885448,4.32230393714053,4.32230393714053,9.8779100391316,4.67882946395521,4.32230393714053,8.1413057482517,8.77943959834025,4.32230393714053,4.32230393714053,4.57472544885448,7.74802568885839,4.93674245486083,5.65837784901567,6.73114312419729,4.32230393714053,7.43789309133598,4.57472544885448,5.45147731142507,4.32230393714053,4.57472544885448,5.54875589462124,4.32230393714053,5.03005240396877,4.57472544885448,4.67882946395521,4.32230393714053,5.81310141035684,4.32230393714053,4.32230393714053,4.32230393714053,4.32230393714053,6.34208811426707,4.32230393714053,4.57472544885448,9.29644596951404,5.07206870880497,4.32230393714053,4.32230393714053,4.32230393714053,5.11166628402392,5.47672998635536
